<?xml version="1.0" encoding="UTF-8"?>
<beans xmlns="http://www.springframework.org/schema/beans"
                xmlns:xsi="http://www.w3.org/2001/XMLSchema-instance"
                xsi:schemaLocation="http://www.springframework.org/schema/beans http://www.springframework.org/schema/beans/spring-beans.xsd">

<bean id="HWBean" class="training.spring.HelloWorld" autowire="byType"> <!-- setter injection -->
<property name="id" value="20"></property>
<property name="msg" value="hello resham"></property>
<!-- <property name="mm" ref="myMsg"></property> -->
</bean>


<bean id="myMsg" class="training.spring.MyMessage">
<property name="msgid" value="91"></property>
<property name="message" value="text from mymsg"></property>
</bean>

<bean id="HWBean1" class="training.spring.HelloWorld"> <!-- setter injection -->
<constructor-arg type="int" value="30"></constructor-arg>
<constructor-arg type="String" value="shrivastava"></constructor-arg>                                                                     
</bean>

<bean id="HWBean2" class="training.spring.HelloWorld"> <!-- setter injection -->
<constructor-arg index="0" value="30"></constructor-arg>
<constructor-arg index="1" value="resham shrivastava"></constructor-arg>
</bean>
</beans>
        
                                                                                                                                                                                                                                                                                                                                                                                                                                                                                                                                                                                                                                                                                                                                                                                                                                                                                                                                                                                            